{
    "dji  3840 2160 brown 0.85": {
        "projection_type": "brown",
        "width": 3840,
        "height": 2160,
        "focal_x": 0.6369801591191914,
        "focal_y": 0.6369801591191914,
        "c_x": 0.004519564955646259,
        "c_y": 0.004982238471896504,
        "k1": -0.06895764769224738,
        "k2": 0.047068827439313426,
        "p1": -0.0009926603111630053,
        "p2": 0.0011641886311340014,
        "k3": 0.021871477271786424
    }
}